compound,salinity,group,headspace_mL,date,day,umoles.mean,umoles.sd
26-diMN,brackish,treatment,77,2014-08-19,0,25.3,2.19317121994613
DBT,brackish,treatment,77,2014-08-19,0,23.6,8.00687204843439
PHEN,brackish,treatment,77,2014-08-19,0,20.6666666666667,1.45028732785381
26-diMN,fresh,treatment,77,2014-08-19,0,23.0333333333333,1.35769412362775
DBT,fresh,treatment,77,2014-08-19,0,40.3333333333333,17.8589846669214
PHEN,fresh,treatment,77,2014-08-19,0,26.1333333333333,7.91033079797131
26-diMN,saline,treatment,77,2014-08-19,0,20.6333333333333,4.4286943147313
DBT,saline,treatment,77,2014-08-19,0,15.9333333333333,0.907377172587746
PHEN,saline,treatment,77,2014-08-19,0,18.2666666666667,3.93742724800514
none,brackish,unamended_control,77,2014-08-19,0,NA,NA
none,fresh,unamended_control,77,2014-08-19,0,NA,NA
none,saline,unamended_control,77,2014-08-19,0,13.1333333333333,1.26622799421484
26-diMN,brackish,sterile_control,97,2014-08-19,0,NA,NA
DBT,brackish,sterile_control,97,2014-08-19,0,NA,NA
PHEN,brackish,sterile_control,97,2014-08-19,0,NA,NA
26-diMN,fresh,sterile_control,97,2014-08-19,0,NA,NA
DBT,fresh,sterile_control,97,2014-08-19,0,NA,NA
PHEN,fresh,sterile_control,97,2014-08-19,0,NA,NA
26-diMN,saline,sterile_control,97,2014-08-19,0,NA,NA
DBT,saline,sterile_control,97,2014-08-19,0,NA,NA
PHEN,saline,sterile_control,97,2014-08-19,0,NA,NA
medium_only,brackish,medium_only_control,100,2014-08-19,0,NA,NA
medium_only,fresh,medium_only_control,100,2014-08-19,0,NA,NA
medium_only,saline,medium_only_control,100,2014-08-19,0,NA,NA
26-diMN,brackish,treatment,77,2014-09-03,15,17.6333333333333,1.35030860670194
DBT,brackish,treatment,77,2014-09-03,15,19.3666666666667,5.24817428572388
PHEN,brackish,treatment,77,2014-09-03,15,13.5666666666667,1.50111069989303
26-diMN,fresh,treatment,77,2014-09-03,15,13.3,0.264575131106459
DBT,fresh,treatment,77,2014-09-03,15,31.4333333333333,17.2604557684128
PHEN,fresh,treatment,77,2014-09-03,15,16.0333333333333,8.22090830342568
26-diMN,saline,treatment,77,2014-09-03,15,12.5333333333333,7.24729834720038
DBT,saline,treatment,77,2014-09-03,15,5.73333333333333,1.1060440015358
PHEN,saline,treatment,77,2014-09-03,15,8.6,4.93659801887899
none,brackish,unamended_control,77,2014-09-03,15,NA,NA
none,fresh,unamended_control,77,2014-09-03,15,7.2,0.519615242270663
none,saline,unamended_control,77,2014-09-03,15,2.93333333333333,1.62583311976763
26-diMN,brackish,sterile_control,97,2014-09-03,15,NA,NA
DBT,brackish,sterile_control,97,2014-09-03,15,NA,NA
PHEN,brackish,sterile_control,97,2014-09-03,15,NA,NA
26-diMN,fresh,sterile_control,97,2014-09-03,15,NA,NA
DBT,fresh,sterile_control,97,2014-09-03,15,NA,NA
PHEN,fresh,sterile_control,97,2014-09-03,15,NA,NA
26-diMN,saline,sterile_control,97,2014-09-03,15,NA,NA
DBT,saline,sterile_control,97,2014-09-03,15,NA,NA
PHEN,saline,sterile_control,97,2014-09-03,15,NA,NA
medium_only,brackish,medium_only_control,100,2014-09-03,15,NA,NA
medium_only,fresh,medium_only_control,100,2014-09-03,15,NA,NA
medium_only,saline,medium_only_control,100,2014-09-03,15,NA,NA
26-diMN,brackish,treatment,77,2014-10-25,67,15.6666666666667,5.37152988759565
DBT,brackish,treatment,77,2014-10-25,67,23.9,11.8456743159687
PHEN,brackish,treatment,77,2014-10-25,67,8.96666666666667,2.28546129552293
26-diMN,fresh,treatment,77,2014-10-25,67,12.5666666666667,5.00632932729493
DBT,fresh,treatment,77,2014-10-25,67,19.4333333333333,2.2300971578237
PHEN,fresh,treatment,77,2014-10-25,67,16.0666666666667,13.1188160034865
26-diMN,saline,treatment,77,2014-10-25,67,6.9,4.57383865041171
DBT,saline,treatment,77,2014-10-25,67,0.5,0.854400374531753
PHEN,saline,treatment,77,2014-10-25,67,3.4,3.99499687108764
none,brackish,unamended_control,77,2014-10-25,67,5.56666666666667,0.960902353693305
none,fresh,unamended_control,77,2014-10-25,67,10.5333333333333,10.697819092382
none,saline,unamended_control,77,2014-10-25,67,-1.23333333333333,1.26622799421484
26-diMN,brackish,sterile_control,97,2014-10-25,67,NA,NA
DBT,brackish,sterile_control,97,2014-10-25,67,NA,NA
PHEN,brackish,sterile_control,97,2014-10-25,67,NA,NA
26-diMN,fresh,sterile_control,97,2014-10-25,67,NA,NA
DBT,fresh,sterile_control,97,2014-10-25,67,NA,NA
PHEN,fresh,sterile_control,97,2014-10-25,67,NA,NA
26-diMN,saline,sterile_control,97,2014-10-25,67,NA,NA
DBT,saline,sterile_control,97,2014-10-25,67,NA,NA
PHEN,saline,sterile_control,97,2014-10-25,67,NA,NA
medium_only,brackish,medium_only_control,100,2014-10-25,67,NA,NA
medium_only,fresh,medium_only_control,100,2014-10-25,67,NA,NA
medium_only,saline,medium_only_control,100,2014-10-25,67,NA,NA
26-diMN,brackish,treatment,77,2014-11-04,77,20.3333333333333,12.2769431591636
DBT,brackish,treatment,77,2014-11-04,77,31.0333333333333,19.0930179210447
PHEN,brackish,treatment,77,2014-11-04,77,9.96666666666667,3.9272551907577
26-diMN,fresh,treatment,77,2014-11-04,77,14.6,9.1
DBT,fresh,treatment,77,2014-11-04,77,32.5333333333333,24.1176975130988
PHEN,fresh,treatment,77,2014-11-04,77,21.4333333333333,25.2060177999884
26-diMN,saline,treatment,77,2014-11-04,77,5.6,6.65507325278993
DBT,saline,treatment,77,2014-11-04,77,-5.9,1.3
PHEN,saline,treatment,77,2014-11-04,77,0.366666666666667,7.25281554524402
none,brackish,unamended_control,77,2014-11-04,77,2.56666666666667,1.70391705588427
none,fresh,unamended_control,77,2014-11-04,77,12.9333333333333,20.6032359917886
none,saline,unamended_control,77,2014-11-04,77,-8.13333333333333,2.04287379280594
26-diMN,brackish,sterile_control,97,2014-11-04,77,NA,NA
DBT,brackish,sterile_control,97,2014-11-04,77,NA,NA
PHEN,brackish,sterile_control,97,2014-11-04,77,NA,NA
26-diMN,fresh,sterile_control,97,2014-11-04,77,NA,NA
DBT,fresh,sterile_control,97,2014-11-04,77,NA,NA
PHEN,fresh,sterile_control,97,2014-11-04,77,NA,NA
26-diMN,saline,sterile_control,97,2014-11-04,77,NA,NA
DBT,saline,sterile_control,97,2014-11-04,77,NA,NA
PHEN,saline,sterile_control,97,2014-11-04,77,NA,NA
medium_only,brackish,medium_only_control,100,2014-11-04,77,NA,NA
medium_only,fresh,medium_only_control,100,2014-11-04,77,NA,NA
medium_only,saline,medium_only_control,100,2014-11-04,77,NA,NA
26-diMN,brackish,treatment,77,2014-11-18,91,19.4666666666667,9.49438430512128
DBT,brackish,treatment,77,2014-11-18,91,31.6,16.6694331037381
PHEN,brackish,treatment,77,2014-11-18,91,11.8666666666667,3.78593889720018
26-diMN,fresh,treatment,77,2014-11-18,91,11.5,5.81033561853358
DBT,fresh,treatment,77,2014-11-18,91,28.4666666666667,13.3721102797327
PHEN,fresh,treatment,77,2014-11-18,91,19.5333333333333,18.8048752543944
26-diMN,saline,treatment,77,2014-11-18,91,8.73333333333333,6.46554973171913
DBT,saline,treatment,77,2014-11-18,91,-1.53333333333333,1.05039675043925
PHEN,saline,treatment,77,2014-11-18,91,3.13333333333333,6.10928255471404
none,brackish,unamended_control,77,2014-11-18,91,4.86666666666667,1.17189305541646
none,fresh,unamended_control,77,2014-11-18,91,12.9333333333333,15.5249261941348
none,saline,unamended_control,77,2014-11-18,91,-3.3,1.82482875908947
26-diMN,brackish,sterile_control,97,2014-11-18,91,NA,NA
DBT,brackish,sterile_control,97,2014-11-18,91,NA,NA
PHEN,brackish,sterile_control,97,2014-11-18,91,NA,NA
26-diMN,fresh,sterile_control,97,2014-11-18,91,NA,NA
DBT,fresh,sterile_control,97,2014-11-18,91,NA,NA
PHEN,fresh,sterile_control,97,2014-11-18,91,NA,NA
26-diMN,saline,sterile_control,97,2014-11-18,91,NA,NA
DBT,saline,sterile_control,97,2014-11-18,91,NA,NA
PHEN,saline,sterile_control,97,2014-11-18,91,NA,NA
medium_only,brackish,medium_only_control,100,2014-11-18,91,NA,NA
medium_only,fresh,medium_only_control,100,2014-11-18,91,NA,NA
medium_only,saline,medium_only_control,100,2014-11-18,91,NA,NA
26-diMN,brackish,treatment,77,2014-12-04,107,17.4666666666667,10.9819548957976
DBT,brackish,treatment,77,2014-12-04,107,36.3666666666667,21.556978761722
PHEN,brackish,treatment,77,2014-12-04,107,12.5333333333333,9.18821709219658
26-diMN,fresh,treatment,77,2014-12-04,107,12.3333333333333,8.30501856309384
DBT,fresh,treatment,77,2014-12-04,107,28.8666666666667,14.609699974104
PHEN,fresh,treatment,77,2014-12-04,107,16.3333333333333,17.9059580400864
26-diMN,saline,treatment,77,2014-12-04,107,6.8,6.10245852095694
DBT,saline,treatment,77,2014-12-04,107,-4.93333333333333,0.702376916856849
PHEN,saline,treatment,77,2014-12-04,107,1.2,6.87677249878168
none,brackish,unamended_control,77,2014-12-04,107,3.43333333333333,1.22202018532156
none,fresh,unamended_control,77,2014-12-04,107,16.1,20.4648479105025
none,saline,unamended_control,77,2014-12-04,107,-6.4,2.1
26-diMN,brackish,sterile_control,97,2014-12-04,107,NA,NA
DBT,brackish,sterile_control,97,2014-12-04,107,NA,NA
PHEN,brackish,sterile_control,97,2014-12-04,107,NA,NA
26-diMN,fresh,sterile_control,97,2014-12-04,107,NA,NA
DBT,fresh,sterile_control,97,2014-12-04,107,NA,NA
PHEN,fresh,sterile_control,97,2014-12-04,107,NA,NA
26-diMN,saline,sterile_control,97,2014-12-04,107,NA,NA
DBT,saline,sterile_control,97,2014-12-04,107,NA,NA
PHEN,saline,sterile_control,97,2014-12-04,107,NA,NA
medium_only,brackish,medium_only_control,100,2014-12-04,107,NA,NA
medium_only,fresh,medium_only_control,100,2014-12-04,107,NA,NA
medium_only,saline,medium_only_control,100,2014-12-04,107,NA,NA
26-diMN,brackish,treatment,77,2014-12-18,121,18.2333333333333,11.6001436772711
DBT,brackish,treatment,77,2014-12-18,121,NA,NA
PHEN,brackish,treatment,77,2014-12-18,121,24.6666666666667,8.21360659718575
26-diMN,fresh,treatment,77,2014-12-18,121,13.7333333333333,8.7933687136008
DBT,fresh,treatment,77,2014-12-18,121,24.8,15.2538519725347
PHEN,fresh,treatment,77,2014-12-18,121,22.9,27.6815823247155
26-diMN,saline,treatment,77,2014-12-18,121,7.73333333333333,5.70730526021986
DBT,saline,treatment,77,2014-12-18,121,-4.06666666666667,0.577350269189626
PHEN,saline,treatment,77,2014-12-18,121,2.53333333333333,7.50355471315651
none,brackish,unamended_control,77,2014-12-18,121,NA,NA
none,fresh,unamended_control,77,2014-12-18,121,19.7,19.9369004612051
none,saline,unamended_control,77,2014-12-18,121,-5.1,2.2113344387496
26-diMN,brackish,sterile_control,97,2014-12-18,121,NA,NA
DBT,brackish,sterile_control,97,2014-12-18,121,NA,NA
PHEN,brackish,sterile_control,97,2014-12-18,121,NA,NA
26-diMN,fresh,sterile_control,97,2014-12-18,121,NA,NA
DBT,fresh,sterile_control,97,2014-12-18,121,NA,NA
PHEN,fresh,sterile_control,97,2014-12-18,121,NA,NA
26-diMN,saline,sterile_control,97,2014-12-18,121,NA,NA
DBT,saline,sterile_control,97,2014-12-18,121,NA,NA
PHEN,saline,sterile_control,97,2014-12-18,121,NA,NA
medium_only,brackish,medium_only_control,100,2014-12-18,121,NA,NA
medium_only,fresh,medium_only_control,100,2014-12-18,121,NA,NA
medium_only,saline,medium_only_control,100,2014-12-18,121,NA,NA
26-diMN,brackish,treatment,77,2015-01-08,142,25.0333333333333,16.8119996827663
DBT,brackish,treatment,77,2015-01-08,142,56.2,17.0361380600182
PHEN,brackish,treatment,77,2015-01-08,142,51.8666666666667,11.0654115754152
26-diMN,fresh,treatment,77,2015-01-08,142,15.8,10.4732993846256
DBT,fresh,treatment,77,2015-01-08,142,23.2333333333333,16.053763836974
PHEN,fresh,treatment,77,2015-01-08,142,25.5333333333333,35.5843130232035
26-diMN,saline,treatment,77,2015-01-08,142,14.1,4.5133136385587
DBT,saline,treatment,77,2015-01-08,142,-4.03333333333333,0.513160143944688
PHEN,saline,treatment,77,2015-01-08,142,4.46666666666667,9.30877722009359
none,brackish,unamended_control,77,2015-01-08,142,8.1,3.64965751817893
none,fresh,unamended_control,77,2015-01-08,142,12.5333333333333,26.3849073019659
none,saline,unamended_control,77,2015-01-08,142,-3.66666666666667,3.9677869566464
26-diMN,brackish,sterile_control,97,2015-01-08,142,NA,NA
DBT,brackish,sterile_control,97,2015-01-08,142,NA,NA
PHEN,brackish,sterile_control,97,2015-01-08,142,NA,NA
26-diMN,fresh,sterile_control,97,2015-01-08,142,NA,NA
DBT,fresh,sterile_control,97,2015-01-08,142,NA,NA
PHEN,fresh,sterile_control,97,2015-01-08,142,NA,NA
26-diMN,saline,sterile_control,97,2015-01-08,142,NA,NA
DBT,saline,sterile_control,97,2015-01-08,142,NA,NA
PHEN,saline,sterile_control,97,2015-01-08,142,NA,NA
medium_only,brackish,medium_only_control,100,2015-01-08,142,NA,NA
medium_only,fresh,medium_only_control,100,2015-01-08,142,NA,NA
medium_only,saline,medium_only_control,100,2015-01-08,142,NA,NA
26-diMN,brackish,treatment,77,2015-01-22,156,29,19.0549206243427
DBT,brackish,treatment,77,2015-01-22,156,53.8333333333333,16.2561783126703
PHEN,brackish,treatment,77,2015-01-22,156,57.0333333333333,10.3519724368515
26-diMN,fresh,treatment,77,2015-01-22,156,4.96666666666667,14.1227948131145
DBT,fresh,treatment,77,2015-01-22,156,27.6666666666667,12.761008319617
PHEN,fresh,treatment,77,2015-01-22,156,25.5666666666667,34.4936709170441
26-diMN,saline,treatment,77,2015-01-22,156,13.5,4.85077313425396
DBT,saline,treatment,77,2015-01-22,156,-6.5,0.519615242270663
PHEN,saline,treatment,77,2015-01-22,156,NA,NA
none,brackish,unamended_control,77,2015-01-22,156,6.8,4.5902069670114
none,fresh,unamended_control,77,2015-01-22,156,26.1333333333333,26.7047436485231
none,saline,unamended_control,77,2015-01-22,156,-4.63333333333333,5.38175931581238
26-diMN,brackish,sterile_control,97,2015-01-22,156,NA,NA
DBT,brackish,sterile_control,97,2015-01-22,156,NA,NA
PHEN,brackish,sterile_control,97,2015-01-22,156,NA,NA
26-diMN,fresh,sterile_control,97,2015-01-22,156,NA,NA
DBT,fresh,sterile_control,97,2015-01-22,156,NA,NA
PHEN,fresh,sterile_control,97,2015-01-22,156,NA,NA
26-diMN,saline,sterile_control,97,2015-01-22,156,NA,NA
DBT,saline,sterile_control,97,2015-01-22,156,NA,NA
PHEN,saline,sterile_control,97,2015-01-22,156,NA,NA
medium_only,brackish,medium_only_control,100,2015-01-22,156,NA,NA
medium_only,fresh,medium_only_control,100,2015-01-22,156,NA,NA
medium_only,saline,medium_only_control,100,2015-01-22,156,NA,NA
26-diMN,brackish,treatment,77,2015-02-05,170,39.1333333333333,26.2741951985847
DBT,brackish,treatment,77,2015-02-05,170,68.6666666666667,14.2468710014983
PHEN,brackish,treatment,77,2015-02-05,170,70.4666666666667,11.2518146684583
26-diMN,fresh,treatment,77,2015-02-05,170,16.6,12.3223374405995
DBT,fresh,treatment,77,2015-02-05,170,16,16.588248852727
PHEN,fresh,treatment,77,2015-02-05,170,29.9666666666667,41.7595897170139
26-diMN,saline,treatment,77,2015-02-05,170,17.8666666666667,3.65011415346607
DBT,saline,treatment,77,2015-02-05,170,-5.9,0.9
PHEN,saline,treatment,77,2015-02-05,170,4.4,10.3232746742494
none,brackish,unamended_control,77,2015-02-05,170,9.23333333333333,6.04345375868247
none,fresh,unamended_control,77,2015-02-05,170,29.3333333333333,34.5977359567549
none,saline,unamended_control,77,2015-02-05,170,-2.33333333333333,7.35141709695031
26-diMN,brackish,sterile_control,97,2015-02-05,170,NA,NA
DBT,brackish,sterile_control,97,2015-02-05,170,NA,NA
PHEN,brackish,sterile_control,97,2015-02-05,170,NA,NA
26-diMN,fresh,sterile_control,97,2015-02-05,170,NA,NA
DBT,fresh,sterile_control,97,2015-02-05,170,NA,NA
PHEN,fresh,sterile_control,97,2015-02-05,170,NA,NA
26-diMN,saline,sterile_control,97,2015-02-05,170,NA,NA
DBT,saline,sterile_control,97,2015-02-05,170,NA,NA
PHEN,saline,sterile_control,97,2015-02-05,170,NA,NA
medium_only,brackish,medium_only_control,100,2015-02-05,170,NA,NA
medium_only,fresh,medium_only_control,100,2015-02-05,170,NA,NA
medium_only,saline,medium_only_control,100,2015-02-05,170,NA,NA
26-diMN,brackish,treatment,77,2015-03-19,212,65.7,47.5359863682242
DBT,brackish,treatment,77,2015-03-19,212,81.3666666666667,9.57200780052614
PHEN,brackish,treatment,77,2015-03-19,212,86.0666666666667,11.2349158133621
26-diMN,fresh,treatment,77,2015-03-19,212,21.5666666666667,15.8298241725337
DBT,fresh,treatment,77,2015-03-19,212,NA,NA
PHEN,fresh,treatment,77,2015-03-19,212,32.5,41.1617540928469
26-diMN,saline,treatment,77,2015-03-19,212,25.5666666666667,4.83356321292412
DBT,saline,treatment,77,2015-03-19,212,-3.53333333333333,0.950438495292217
PHEN,saline,treatment,77,2015-03-19,212,10.3333333333333,11.9584001159575
none,brackish,unamended_control,77,2015-03-19,212,15.3666666666667,11.500144926623
none,fresh,unamended_control,77,2015-03-19,212,NA,NA
none,saline,unamended_control,77,2015-03-19,212,1.66666666666667,9.05556918881046
26-diMN,brackish,sterile_control,97,2015-03-19,212,NA,NA
DBT,brackish,sterile_control,97,2015-03-19,212,NA,NA
PHEN,brackish,sterile_control,97,2015-03-19,212,NA,NA
26-diMN,fresh,sterile_control,97,2015-03-19,212,NA,NA
DBT,fresh,sterile_control,97,2015-03-19,212,NA,NA
PHEN,fresh,sterile_control,97,2015-03-19,212,NA,NA
26-diMN,saline,sterile_control,97,2015-03-19,212,NA,NA
DBT,saline,sterile_control,97,2015-03-19,212,NA,NA
PHEN,saline,sterile_control,97,2015-03-19,212,NA,NA
medium_only,brackish,medium_only_control,100,2015-03-19,212,NA,NA
medium_only,fresh,medium_only_control,100,2015-03-19,212,NA,NA
medium_only,saline,medium_only_control,100,2015-03-19,212,NA,NA
26-diMN,brackish,treatment,77,2015-04-23,247,66.3333333333333,54.6875061904758
DBT,brackish,treatment,77,2015-04-23,247,92.1666666666667,5.95846736445986
PHEN,brackish,treatment,77,2015-04-23,247,NA,NA
26-diMN,fresh,treatment,77,2015-04-23,247,27,17.1607109409838
DBT,fresh,treatment,77,2015-04-23,247,NA,NA
PHEN,fresh,treatment,77,2015-04-23,247,37.1333333333333,45.4814614247754
26-diMN,saline,treatment,77,2015-04-23,247,34.2666666666667,2.18250620464945
DBT,saline,treatment,77,2015-04-23,247,-0.3,1.57162336455017
PHEN,saline,treatment,77,2015-04-23,247,13.9666666666667,15.2004385901636
none,brackish,unamended_control,77,2015-04-23,247,NA,NA
none,fresh,unamended_control,77,2015-04-23,247,NA,NA
none,saline,unamended_control,77,2015-04-23,247,7.23333333333333,9.98515564892873
26-diMN,brackish,sterile_control,97,2015-04-23,247,NA,NA
DBT,brackish,sterile_control,97,2015-04-23,247,NA,NA
PHEN,brackish,sterile_control,97,2015-04-23,247,NA,NA
26-diMN,fresh,sterile_control,97,2015-04-23,247,NA,NA
DBT,fresh,sterile_control,97,2015-04-23,247,NA,NA
PHEN,fresh,sterile_control,97,2015-04-23,247,NA,NA
26-diMN,saline,sterile_control,97,2015-04-23,247,NA,NA
DBT,saline,sterile_control,97,2015-04-23,247,NA,NA
PHEN,saline,sterile_control,97,2015-04-23,247,NA,NA
medium_only,brackish,medium_only_control,100,2015-04-23,247,NA,NA
medium_only,fresh,medium_only_control,100,2015-04-23,247,NA,NA
medium_only,saline,medium_only_control,100,2015-04-23,247,NA,NA
26-diMN,brackish,treatment,77,2015-05-22,276,77.4333333333333,50.1270718607554
DBT,brackish,treatment,77,2015-05-22,276,92.8333333333333,4.05257120027932
PHEN,brackish,treatment,77,2015-05-22,276,106.266666666667,12.8539228772128
26-diMN,fresh,treatment,77,2015-05-22,276,32.3666666666667,17.3234907952564
DBT,fresh,treatment,77,2015-05-22,276,NA,NA
PHEN,fresh,treatment,77,2015-05-22,276,43.8,45.7300776294989
26-diMN,saline,treatment,77,2015-05-22,276,40.1333333333333,3.05341339050796
DBT,saline,treatment,77,2015-05-22,276,5.8,0.793725393319377
PHEN,saline,treatment,77,2015-05-22,276,22.9,13.5746086499759
none,brackish,unamended_control,77,2015-05-22,276,25.3,13.6429468957407
none,fresh,unamended_control,77,2015-05-22,276,NA,NA
none,saline,unamended_control,77,2015-05-22,276,14.6333333333333,10.4882473909292
26-diMN,brackish,sterile_control,97,2015-05-22,276,NA,NA
DBT,brackish,sterile_control,97,2015-05-22,276,NA,NA
PHEN,brackish,sterile_control,97,2015-05-22,276,NA,NA
26-diMN,fresh,sterile_control,97,2015-05-22,276,NA,NA
DBT,fresh,sterile_control,97,2015-05-22,276,NA,NA
PHEN,fresh,sterile_control,97,2015-05-22,276,NA,NA
26-diMN,saline,sterile_control,97,2015-05-22,276,NA,NA
DBT,saline,sterile_control,97,2015-05-22,276,NA,NA
PHEN,saline,sterile_control,97,2015-05-22,276,NA,NA
medium_only,brackish,medium_only_control,100,2015-05-22,276,NA,NA
medium_only,fresh,medium_only_control,100,2015-05-22,276,NA,NA
medium_only,saline,medium_only_control,100,2015-05-22,276,NA,NA
26-diMN,brackish,treatment,77,2015-07-02,317,88.3333333333333,54.3339059274532
DBT,brackish,treatment,77,2015-07-02,317,106.566666666667,2.95014123955674
PHEN,brackish,treatment,77,2015-07-02,317,118.3,9.80153049273428
26-diMN,fresh,treatment,77,2015-07-02,317,37.6333333333333,19.3572553150836
DBT,fresh,treatment,77,2015-07-02,317,NA,NA
PHEN,fresh,treatment,77,2015-07-02,317,47.7333333333333,48.1227943217487
26-diMN,saline,treatment,77,2015-07-02,317,51.9666666666667,1.52752523165195
DBT,saline,treatment,77,2015-07-02,317,9.96666666666667,1.13724814061547
PHEN,saline,treatment,77,2015-07-02,317,30.1333333333333,16.1871348092655
none,brackish,unamended_control,77,2015-07-02,317,28.0666666666667,16.4506332198288
none,fresh,unamended_control,77,2015-07-02,317,NA,NA
none,saline,unamended_control,77,2015-07-02,317,22.1666666666667,13.8240129243767
26-diMN,brackish,sterile_control,97,2015-07-02,317,NA,NA
DBT,brackish,sterile_control,97,2015-07-02,317,NA,NA
PHEN,brackish,sterile_control,97,2015-07-02,317,NA,NA
26-diMN,fresh,sterile_control,97,2015-07-02,317,NA,NA
DBT,fresh,sterile_control,97,2015-07-02,317,NA,NA
PHEN,fresh,sterile_control,97,2015-07-02,317,NA,NA
26-diMN,saline,sterile_control,97,2015-07-02,317,NA,NA
DBT,saline,sterile_control,97,2015-07-02,317,NA,NA
PHEN,saline,sterile_control,97,2015-07-02,317,NA,NA
medium_only,brackish,medium_only_control,100,2015-07-02,317,NA,NA
medium_only,fresh,medium_only_control,100,2015-07-02,317,NA,NA
medium_only,saline,medium_only_control,100,2015-07-02,317,NA,NA
26-diMN,brackish,treatment,77,2015-08-17,363,102.933333333333,51.0402129044671
DBT,brackish,treatment,77,2015-08-17,363,108.233333333333,4.53688586293873
PHEN,brackish,treatment,77,2015-08-17,363,127.166666666667,13.7819930827632
26-diMN,fresh,treatment,77,2015-08-17,363,38.3333333333333,21.6924718124361
DBT,fresh,treatment,77,2015-08-17,363,NA,NA
PHEN,fresh,treatment,77,2015-08-17,363,81.5333333333333,55.3944341367735
26-diMN,saline,treatment,77,2015-08-17,363,53.6666666666667,2.82193786843958
DBT,saline,treatment,77,2015-08-17,363,8.6,1.87349939951952
PHEN,saline,treatment,77,2015-08-17,363,29.8666666666667,17.292291153382
none,brackish,unamended_control,77,2015-08-17,363,24.5666666666667,0.208166599946614
none,fresh,unamended_control,77,2015-08-17,363,NA,NA
none,saline,unamended_control,77,2015-08-17,363,21.2,14.7237902728883
26-diMN,brackish,sterile_control,97,2015-08-17,363,NA,NA
DBT,brackish,sterile_control,97,2015-08-17,363,NA,NA
PHEN,brackish,sterile_control,97,2015-08-17,363,NA,NA
26-diMN,fresh,sterile_control,97,2015-08-17,363,NA,NA
DBT,fresh,sterile_control,97,2015-08-17,363,NA,NA
PHEN,fresh,sterile_control,97,2015-08-17,363,NA,NA
26-diMN,saline,sterile_control,97,2015-08-17,363,NA,NA
DBT,saline,sterile_control,97,2015-08-17,363,NA,NA
PHEN,saline,sterile_control,97,2015-08-17,363,NA,NA
medium_only,brackish,medium_only_control,100,2015-08-17,363,NA,NA
medium_only,fresh,medium_only_control,100,2015-08-17,363,NA,NA
medium_only,saline,medium_only_control,100,2015-08-17,363,NA,NA
26-diMN,brackish,treatment,77,2015-09-15,392,104.733333333333,68.4115730950059
DBT,brackish,treatment,77,2015-09-15,392,119.1,4.18688428309167
PHEN,brackish,treatment,77,2015-09-15,392,138.2,11.8494725621017
26-diMN,fresh,treatment,77,2015-09-15,392,40.8,23.9041837342336
DBT,fresh,treatment,77,2015-09-15,392,NA,NA
PHEN,fresh,treatment,77,2015-09-15,392,51.7,57.0728481854551
26-diMN,saline,treatment,77,2015-09-15,392,54.3,10.1385403288639
DBT,saline,treatment,77,2015-09-15,392,8.63333333333333,2.34591844132172
PHEN,saline,treatment,77,2015-09-15,392,32.5333333333333,19.5236608588997
none,brackish,unamended_control,77,2015-09-15,392,32.5333333333333,13.2322837535073
none,fresh,unamended_control,77,2015-09-15,392,NA,NA
none,saline,unamended_control,77,2015-09-15,392,21.3666666666667,15.2218045360376
26-diMN,brackish,sterile_control,97,2015-09-15,392,NA,NA
DBT,brackish,sterile_control,97,2015-09-15,392,NA,NA
PHEN,brackish,sterile_control,97,2015-09-15,392,NA,NA
26-diMN,fresh,sterile_control,97,2015-09-15,392,NA,NA
DBT,fresh,sterile_control,97,2015-09-15,392,NA,NA
PHEN,fresh,sterile_control,97,2015-09-15,392,NA,NA
26-diMN,saline,sterile_control,97,2015-09-15,392,NA,NA
DBT,saline,sterile_control,97,2015-09-15,392,NA,NA
PHEN,saline,sterile_control,97,2015-09-15,392,NA,NA
medium_only,brackish,medium_only_control,100,2015-09-15,392,NA,NA
medium_only,fresh,medium_only_control,100,2015-09-15,392,NA,NA
medium_only,saline,medium_only_control,100,2015-09-15,392,NA,NA
26-diMN,brackish,treatment,77,2015-10-23,430,113.666666666667,75.5990299761401
DBT,brackish,treatment,77,2015-10-23,430,130.233333333333,4.79826357480842
PHEN,brackish,treatment,77,2015-10-23,430,152.766666666667,13.5500307502726
26-diMN,fresh,treatment,77,2015-10-23,430,44.8,27.3780934325237
DBT,fresh,treatment,77,2015-10-23,430,NA,NA
PHEN,fresh,treatment,77,2015-10-23,430,55.9666666666667,64.5478375573755
26-diMN,saline,treatment,77,2015-10-23,430,30.2666666666667,38.1434572808147
DBT,saline,treatment,77,2015-10-23,430,8.4,3.01164406927512
PHEN,saline,treatment,77,2015-10-23,430,25.8333333333333,18.5192692440424
none,brackish,unamended_control,77,2015-10-23,430,35.1,11.3132665486145
none,fresh,unamended_control,77,2015-10-23,430,NA,NA
none,saline,unamended_control,77,2015-10-23,430,24.3333333333333,18.743087614727
26-diMN,brackish,sterile_control,97,2015-10-23,430,NA,NA
DBT,brackish,sterile_control,97,2015-10-23,430,NA,NA
PHEN,brackish,sterile_control,97,2015-10-23,430,NA,NA
26-diMN,fresh,sterile_control,97,2015-10-23,430,NA,NA
DBT,fresh,sterile_control,97,2015-10-23,430,NA,NA
PHEN,fresh,sterile_control,97,2015-10-23,430,NA,NA
26-diMN,saline,sterile_control,97,2015-10-23,430,NA,NA
DBT,saline,sterile_control,97,2015-10-23,430,NA,NA
PHEN,saline,sterile_control,97,2015-10-23,430,NA,NA
medium_only,brackish,medium_only_control,100,2015-10-23,430,NA,NA
medium_only,fresh,medium_only_control,100,2015-10-23,430,NA,NA
medium_only,saline,medium_only_control,100,2015-10-23,430,NA,NA
26-diMN,brackish,treatment,77,2015-12-03,471,120.4,78.4624751075315
DBT,brackish,treatment,77,2015-12-03,471,140.233333333333,7.08119575589697
PHEN,brackish,treatment,77,2015-12-03,471,163,11.5295273103454
26-diMN,fresh,treatment,77,2015-12-03,471,30,21.519526017085
DBT,fresh,treatment,77,2015-12-03,471,NA,NA
PHEN,fresh,treatment,77,2015-12-03,471,93.5666666666667,63.9551665882697
26-diMN,saline,treatment,77,2015-12-03,471,62.2,44.2546042802328
DBT,saline,treatment,77,2015-12-03,471,11.1,2.88270706107991
PHEN,saline,treatment,77,2015-12-03,471,38.0333333333333,22.8073087700705
none,brackish,unamended_control,77,2015-12-03,471,33.1666666666667,5.17912476518314
none,fresh,unamended_control,77,2015-12-03,471,NA,NA
none,saline,unamended_control,77,2015-12-03,471,27.1,18.6394742415123
26-diMN,brackish,sterile_control,97,2015-12-03,471,NA,NA
DBT,brackish,sterile_control,97,2015-12-03,471,NA,NA
PHEN,brackish,sterile_control,97,2015-12-03,471,NA,NA
26-diMN,fresh,sterile_control,97,2015-12-03,471,NA,NA
DBT,fresh,sterile_control,97,2015-12-03,471,NA,NA
PHEN,fresh,sterile_control,97,2015-12-03,471,NA,NA
26-diMN,saline,sterile_control,97,2015-12-03,471,NA,NA
DBT,saline,sterile_control,97,2015-12-03,471,NA,NA
PHEN,saline,sterile_control,97,2015-12-03,471,NA,NA
medium_only,brackish,medium_only_control,100,2015-12-03,471,NA,NA
medium_only,fresh,medium_only_control,100,2015-12-03,471,NA,NA
medium_only,saline,medium_only_control,100,2015-12-03,471,NA,NA
26-diMN,brackish,treatment,77,2016-01-05,504,131.6,85.3971896493087
DBT,brackish,treatment,77,2016-01-05,504,139.066666666667,8.50490054811538
PHEN,brackish,treatment,77,2016-01-05,504,166.333333333333,15.3913395561703
26-diMN,fresh,treatment,77,2016-01-05,504,50.2,29.2887350358461
DBT,fresh,treatment,77,2016-01-05,504,NA,NA
PHEN,fresh,treatment,77,2016-01-05,504,60.3666666666667,67.0592524066093
26-diMN,saline,treatment,77,2016-01-05,504,104.566666666667,6.23244200400881
DBT,saline,treatment,77,2016-01-05,504,12.5333333333333,3.40783411176855
PHEN,saline,treatment,77,2016-01-05,504,40.8,24.2538656712698
none,brackish,unamended_control,77,2016-01-05,504,40.3333333333333,10.5291658422371
none,fresh,unamended_control,77,2016-01-05,504,NA,NA
none,saline,unamended_control,77,2016-01-05,504,29.5666666666667,20.7668806837554
26-diMN,brackish,sterile_control,97,2016-01-05,504,NA,NA
DBT,brackish,sterile_control,97,2016-01-05,504,NA,NA
PHEN,brackish,sterile_control,97,2016-01-05,504,NA,NA
26-diMN,fresh,sterile_control,97,2016-01-05,504,NA,NA
DBT,fresh,sterile_control,97,2016-01-05,504,NA,NA
PHEN,fresh,sterile_control,97,2016-01-05,504,NA,NA
26-diMN,saline,sterile_control,97,2016-01-05,504,NA,NA
DBT,saline,sterile_control,97,2016-01-05,504,NA,NA
PHEN,saline,sterile_control,97,2016-01-05,504,NA,NA
medium_only,brackish,medium_only_control,100,2016-01-05,504,NA,NA
medium_only,fresh,medium_only_control,100,2016-01-05,504,NA,NA
medium_only,saline,medium_only_control,100,2016-01-05,504,NA,NA
26-diMN,brackish,treatment,77,2016-03-01,560,132.6,87.1621477477466
DBT,brackish,treatment,77,2016-03-01,560,160.233333333333,9.69346859144514
PHEN,brackish,treatment,77,2016-03-01,560,186.5,10.7056060080689
26-diMN,fresh,treatment,77,2016-03-01,560,50.5666666666667,32.1876270224031
DBT,fresh,treatment,77,2016-03-01,560,NA,NA
PHEN,fresh,treatment,77,2016-03-01,560,68.1666666666667,83.0816666499495
26-diMN,saline,treatment,77,2016-03-01,560,134.8,10.5588825166302
DBT,saline,treatment,77,2016-03-01,560,10,4.1
PHEN,saline,treatment,77,2016-03-01,560,47.3333333333333,33.5145242146347
none,brackish,unamended_control,77,2016-03-01,560,44.2,9.4175368329516
none,fresh,unamended_control,77,2016-03-01,560,NA,NA
none,saline,unamended_control,77,2016-03-01,560,33.1666666666667,30.4851329886116
26-diMN,brackish,sterile_control,97,2016-03-01,560,NA,NA
DBT,brackish,sterile_control,97,2016-03-01,560,NA,NA
PHEN,brackish,sterile_control,97,2016-03-01,560,NA,NA
26-diMN,fresh,sterile_control,97,2016-03-01,560,NA,NA
DBT,fresh,sterile_control,97,2016-03-01,560,NA,NA
PHEN,fresh,sterile_control,97,2016-03-01,560,NA,NA
26-diMN,saline,sterile_control,97,2016-03-01,560,NA,NA
DBT,saline,sterile_control,97,2016-03-01,560,NA,NA
PHEN,saline,sterile_control,97,2016-03-01,560,NA,NA
medium_only,brackish,medium_only_control,100,2016-03-01,560,NA,NA
medium_only,fresh,medium_only_control,100,2016-03-01,560,NA,NA
medium_only,saline,medium_only_control,100,2016-03-01,560,NA,NA
26-diMN,brackish,treatment,77,2016-04-22,612,154.6,101.323689234058
DBT,brackish,treatment,77,2016-04-22,612,164.8,10.9503424603982
PHEN,brackish,treatment,77,2016-04-22,612,192.666666666667,8.63095205254515
26-diMN,fresh,treatment,77,2016-04-22,612,55.3,33.9518777094876
DBT,fresh,treatment,77,2016-04-22,612,NA,NA
PHEN,fresh,treatment,77,2016-04-22,612,68.4333333333333,79.6467408833113
26-diMN,saline,treatment,77,2016-04-22,612,146.866666666667,8.85569496614091
DBT,saline,treatment,77,2016-04-22,612,13.5,5.20864665724217
PHEN,saline,treatment,77,2016-04-22,612,55.3666666666667,38.7190306352488
none,brackish,unamended_control,77,2016-04-22,612,47.1,8.38033412221732
none,fresh,unamended_control,77,2016-04-22,612,NA,NA
none,saline,unamended_control,77,2016-04-22,612,41.9333333333333,37.0616153632479
26-diMN,brackish,sterile_control,97,2016-04-22,612,NA,NA
DBT,brackish,sterile_control,97,2016-04-22,612,NA,NA
PHEN,brackish,sterile_control,97,2016-04-22,612,NA,NA
26-diMN,fresh,sterile_control,97,2016-04-22,612,NA,NA
DBT,fresh,sterile_control,97,2016-04-22,612,NA,NA
PHEN,fresh,sterile_control,97,2016-04-22,612,NA,NA
26-diMN,saline,sterile_control,97,2016-04-22,612,NA,NA
DBT,saline,sterile_control,97,2016-04-22,612,NA,NA
PHEN,saline,sterile_control,97,2016-04-22,612,NA,NA
medium_only,brackish,medium_only_control,100,2016-04-22,612,NA,NA
medium_only,fresh,medium_only_control,100,2016-04-22,612,NA,NA
medium_only,saline,medium_only_control,100,2016-04-22,612,NA,NA
26-diMN,brackish,treatment,77,2016-07-11,692,166.366666666667,108.69601341969
DBT,brackish,treatment,77,2016-07-11,692,197.6,26.3455878659027
PHEN,brackish,treatment,77,2016-07-11,692,203.266666666667,28.949323538441
26-diMN,fresh,treatment,77,2016-07-11,692,58.5,37.7278411786309
DBT,fresh,treatment,77,2016-07-11,692,NA,NA
PHEN,fresh,treatment,77,2016-07-11,692,74.8666666666667,91.8442340777761
26-diMN,saline,treatment,77,2016-07-11,692,176.133333333333,11.8685859871062
DBT,saline,treatment,77,2016-07-11,692,13.6333333333333,7.05998111423347
PHEN,saline,treatment,77,2016-07-11,692,65.6333333333333,50.330640104546
none,brackish,unamended_control,77,2016-07-11,692,48.5666666666667,5.90451804411955
none,fresh,unamended_control,77,2016-07-11,692,NA,NA
none,saline,unamended_control,77,2016-07-11,692,51.3,45.4924169505204
26-diMN,brackish,sterile_control,97,2016-07-11,692,NA,NA
DBT,brackish,sterile_control,97,2016-07-11,692,NA,NA
PHEN,brackish,sterile_control,97,2016-07-11,692,NA,NA
26-diMN,fresh,sterile_control,97,2016-07-11,692,NA,NA
DBT,fresh,sterile_control,97,2016-07-11,692,NA,NA
PHEN,fresh,sterile_control,97,2016-07-11,692,NA,NA
26-diMN,saline,sterile_control,97,2016-07-11,692,NA,NA
DBT,saline,sterile_control,97,2016-07-11,692,NA,NA
PHEN,saline,sterile_control,97,2016-07-11,692,NA,NA
medium_only,brackish,medium_only_control,100,2016-07-11,692,NA,NA
medium_only,fresh,medium_only_control,100,2016-07-11,692,NA,NA
medium_only,saline,medium_only_control,100,2016-07-11,692,NA,NA
26-diMN,brackish,treatment,77,2016-09-19,762,184.5,120.94478078859
DBT,brackish,treatment,77,2016-09-19,762,200.3,11.7477657450257
PHEN,brackish,treatment,77,2016-09-19,762,77.7333333333333,60.1199079617836
26-diMN,fresh,treatment,77,2016-09-19,762,62.6333333333333,40.7345471723123
DBT,fresh,treatment,77,2016-09-19,762,46,55.0700463046836
PHEN,fresh,treatment,77,2016-09-19,762,81.9333333333333,99.4141002742233
26-diMN,saline,treatment,77,2016-09-19,762,194.333333333333,12.9001291983194
DBT,saline,treatment,77,2016-09-19,762,15.3,7.05478560978291
PHEN,saline,treatment,77,2016-09-19,762,77.7333333333333,60.1199079617836
none,brackish,unamended_control,77,2016-09-19,762,234.533333333333,18.5141387413332
none,fresh,unamended_control,77,2016-09-19,762,NA,NA
none,saline,unamended_control,77,2016-09-19,762,56.2666666666667,50.0046331186754
26-diMN,brackish,sterile_control,97,2016-09-19,762,NA,NA
DBT,brackish,sterile_control,97,2016-09-19,762,NA,NA
PHEN,brackish,sterile_control,97,2016-09-19,762,NA,NA
26-diMN,fresh,sterile_control,97,2016-09-19,762,NA,NA
DBT,fresh,sterile_control,97,2016-09-19,762,NA,NA
PHEN,fresh,sterile_control,97,2016-09-19,762,NA,NA
26-diMN,saline,sterile_control,97,2016-09-19,762,NA,NA
DBT,saline,sterile_control,97,2016-09-19,762,NA,NA
PHEN,saline,sterile_control,97,2016-09-19,762,NA,NA
medium_only,brackish,medium_only_control,100,2016-09-19,762,NA,NA
medium_only,fresh,medium_only_control,100,2016-09-19,762,NA,NA
medium_only,saline,medium_only_control,100,2016-09-19,762,NA,NA
26-diMN,brackish,treatment,77,2016-09-27,770,166.266666666667,118.115254448074
DBT,brackish,treatment,77,2016-09-27,770,54.9,39.5838350845392
PHEN,brackish,treatment,77,2016-09-27,770,238.966666666667,18.252762348021
26-diMN,fresh,treatment,77,2016-09-27,770,66.7666666666667,41.8001594893289
DBT,fresh,treatment,77,2016-09-27,770,NA,NA
PHEN,fresh,treatment,77,2016-09-27,770,NA,NA
26-diMN,saline,treatment,77,2016-09-27,770,226.133333333333,13.1089028272138
DBT,saline,treatment,77,2016-09-27,770,10.6666666666667,8.80927541477353
PHEN,saline,treatment,77,2016-09-27,770,78.0666666666667,66.1323924664255
none,brackish,unamended_control,77,2016-09-27,770,55.4666666666667,3.86566078870525
none,fresh,unamended_control,77,2016-09-27,770,NA,NA
none,saline,unamended_control,77,2016-09-27,770,54.7333333333333,53.2587395019196
26-diMN,brackish,sterile_control,97,2016-09-27,770,NA,NA
DBT,brackish,sterile_control,97,2016-09-27,770,NA,NA
PHEN,brackish,sterile_control,97,2016-09-27,770,NA,NA
26-diMN,fresh,sterile_control,97,2016-09-27,770,NA,NA
DBT,fresh,sterile_control,97,2016-09-27,770,NA,NA
PHEN,fresh,sterile_control,97,2016-09-27,770,NA,NA
26-diMN,saline,sterile_control,97,2016-09-27,770,NA,NA
DBT,saline,sterile_control,97,2016-09-27,770,NA,NA
PHEN,saline,sterile_control,97,2016-09-27,770,NA,NA
medium_only,brackish,medium_only_control,100,2016-09-27,770,NA,NA
medium_only,fresh,medium_only_control,100,2016-09-27,770,NA,NA
medium_only,saline,medium_only_control,100,2016-09-27,770,NA,NA
26-diMN,brackish,treatment,77,2017-01-31,896,172.566666666667,106.481657262335
DBT,brackish,treatment,77,2017-01-31,896,112.8,19.365691312215
PHEN,brackish,treatment,77,2017-01-31,896,235.7,7.04485627958442
26-diMN,fresh,treatment,77,2017-01-31,896,NA,NA
DBT,fresh,treatment,77,2017-01-31,896,NA,NA
PHEN,fresh,treatment,77,2017-01-31,896,88,104.860240320152
26-diMN,saline,treatment,77,2017-01-31,896,208.3,27.7387815161373
DBT,saline,treatment,77,2017-01-31,896,17.9666666666667,6.0135957075059
PHEN,saline,treatment,77,2017-01-31,896,87.1333333333333,68.0353094601129
none,brackish,unamended_control,77,2017-01-31,896,54.8,2.22710574513201
none,fresh,unamended_control,77,2017-01-31,896,NA,NA
none,saline,unamended_control,77,2017-01-31,896,73.1666666666667,73.0335767529794
26-diMN,brackish,sterile_control,97,2017-01-31,896,NA,NA
DBT,brackish,sterile_control,97,2017-01-31,896,NA,NA
PHEN,brackish,sterile_control,97,2017-01-31,896,NA,NA
26-diMN,fresh,sterile_control,97,2017-01-31,896,NA,NA
DBT,fresh,sterile_control,97,2017-01-31,896,NA,NA
PHEN,fresh,sterile_control,97,2017-01-31,896,NA,NA
26-diMN,saline,sterile_control,97,2017-01-31,896,NA,NA
DBT,saline,sterile_control,97,2017-01-31,896,NA,NA
PHEN,saline,sterile_control,97,2017-01-31,896,NA,NA
medium_only,brackish,medium_only_control,100,2017-01-31,896,NA,NA
medium_only,fresh,medium_only_control,100,2017-01-31,896,NA,NA
medium_only,saline,medium_only_control,100,2017-01-31,896,NA,NA
26-diMN,brackish,treatment,77,2017-06-12,1028,172,116.537204359809
DBT,brackish,treatment,77,2017-06-12,1028,144.9,15.1403434571347
PHEN,brackish,treatment,77,2017-06-12,1028,191.566666666667,140.235813305066
26-diMN,fresh,treatment,77,2017-06-12,1028,NA,NA
DBT,fresh,treatment,77,2017-06-12,1028,NA,NA
PHEN,fresh,treatment,77,2017-06-12,1028,100.533333333333,118.353087553022
26-diMN,saline,treatment,77,2017-06-12,1028,247.033333333333,34.5209115368255
DBT,saline,treatment,77,2017-06-12,1028,20.7666666666667,7.87802851818482
PHEN,saline,treatment,77,2017-06-12,1028,106.366666666667,82.0624965092662
none,brackish,unamended_control,77,2017-06-12,1028,62.5333333333333,3.15013227235514
none,fresh,unamended_control,77,2017-06-12,1028,NA,NA
none,saline,unamended_control,77,2017-06-12,1028,78.8333333333333,68.677531502911
26-diMN,brackish,sterile_control,97,2017-06-12,1028,NA,NA
DBT,brackish,sterile_control,97,2017-06-12,1028,NA,NA
PHEN,brackish,sterile_control,97,2017-06-12,1028,NA,NA
26-diMN,fresh,sterile_control,97,2017-06-12,1028,NA,NA
DBT,fresh,sterile_control,97,2017-06-12,1028,NA,NA
PHEN,fresh,sterile_control,97,2017-06-12,1028,NA,NA
26-diMN,saline,sterile_control,97,2017-06-12,1028,NA,NA
DBT,saline,sterile_control,97,2017-06-12,1028,NA,NA
PHEN,saline,sterile_control,97,2017-06-12,1028,NA,NA
medium_only,brackish,medium_only_control,100,2017-06-12,1028,NA,NA
medium_only,fresh,medium_only_control,100,2017-06-12,1028,NA,NA
medium_only,saline,medium_only_control,100,2017-06-12,1028,NA,NA
26-diMN,brackish,treatment,77,2017-08-22,1099,212.133333333333,135.549412884502
DBT,brackish,treatment,77,2017-08-22,1099,158.033333333333,13.3500312109498
PHEN,brackish,treatment,77,2017-08-22,1099,279.366666666667,20.528110807703
26-diMN,fresh,treatment,77,2017-08-22,1099,NA,NA
DBT,fresh,treatment,77,2017-08-22,1099,NA,NA
PHEN,fresh,treatment,77,2017-08-22,1099,106.5,131.414496917197
26-diMN,saline,treatment,77,2017-08-22,1099,249.733333333333,27.048351767406
DBT,saline,treatment,77,2017-08-22,1099,17.9333333333333,8.45832922824203
PHEN,saline,treatment,77,2017-08-22,1099,114.366666666667,90.7610232056323
none,brackish,unamended_control,77,2017-08-22,1099,63.7666666666667,6.64253967495365
none,fresh,unamended_control,77,2017-08-22,1099,NA,NA
none,saline,unamended_control,77,2017-08-22,1099,94.7333333333333,79.1978745506048
26-diMN,brackish,sterile_control,97,2017-08-22,1099,NA,NA
DBT,brackish,sterile_control,97,2017-08-22,1099,NA,NA
PHEN,brackish,sterile_control,97,2017-08-22,1099,NA,NA
26-diMN,fresh,sterile_control,97,2017-08-22,1099,NA,NA
DBT,fresh,sterile_control,97,2017-08-22,1099,NA,NA
PHEN,fresh,sterile_control,97,2017-08-22,1099,NA,NA
26-diMN,saline,sterile_control,97,2017-08-22,1099,NA,NA
DBT,saline,sterile_control,97,2017-08-22,1099,NA,NA
PHEN,saline,sterile_control,97,2017-08-22,1099,NA,NA
medium_only,brackish,medium_only_control,100,2017-08-22,1099,NA,NA
medium_only,fresh,medium_only_control,100,2017-08-22,1099,NA,NA
medium_only,saline,medium_only_control,100,2017-08-22,1099,NA,NA
26-diMN,brackish,treatment,77,2018-05-03,1353,NA,NA
DBT,brackish,treatment,77,2018-05-03,1353,197.666666666667,11.3742399013443
PHEN,brackish,treatment,77,2018-05-03,1353,297.666666666667,12.0425634037498
26-diMN,fresh,treatment,77,2018-05-03,1353,NA,NA
DBT,fresh,treatment,77,2018-05-03,1353,NA,NA
PHEN,fresh,treatment,77,2018-05-03,1353,131.5,157.078992866647
26-diMN,saline,treatment,77,2018-05-03,1353,256.433333333333,32.8087386733067
DBT,saline,treatment,77,2018-05-03,1353,35.5333333333333,0.493288286231625
PHEN,saline,treatment,77,2018-05-03,1353,112.133333333333,81.7457236394255
none,brackish,unamended_control,77,2018-05-03,1353,61.7,24.2223037715243
none,fresh,unamended_control,77,2018-05-03,1353,NA,NA
none,saline,unamended_control,77,2018-05-03,1353,119.266666666667,74.5812532298388
26-diMN,brackish,sterile_control,97,2018-05-03,1353,NA,NA
DBT,brackish,sterile_control,97,2018-05-03,1353,NA,NA
PHEN,brackish,sterile_control,97,2018-05-03,1353,NA,NA
26-diMN,fresh,sterile_control,97,2018-05-03,1353,NA,NA
DBT,fresh,sterile_control,97,2018-05-03,1353,NA,NA
PHEN,fresh,sterile_control,97,2018-05-03,1353,NA,NA
26-diMN,saline,sterile_control,97,2018-05-03,1353,NA,NA
DBT,saline,sterile_control,97,2018-05-03,1353,NA,NA
PHEN,saline,sterile_control,97,2018-05-03,1353,NA,NA
medium_only,brackish,medium_only_control,100,2018-05-03,1353,NA,NA
medium_only,fresh,medium_only_control,100,2018-05-03,1353,NA,NA
medium_only,saline,medium_only_control,100,2018-05-03,1353,NA,NA
